Festival_Name,Country,Month,Impact_Score,Category,Lat,Lon,Season
Annual Music Gathering,India,11,0.81,Music,23.298,80.3549,Autumn
Annual Cultural Carnival,South Korea,12,0.88,Cultural,33.8439,125.7029,Winter
National Religious Fiesta,Turkey,10,0.72,Religious,41.1608,35.85,Autumn
National Seasonal Carnival,Spain,6,0.91,Seasonal,37.5872,-0.9297,Summer
Mega Parade Parade,Turkey,3,0.95,Parade,37.2377,33.3342,Spring
Annual Food Festival,Russia,4,0.76,Food,60.3495,105.4673,Spring
National Art Event,UK,6,0.83,Art,54.1255,-2.7649,Summer
International Music Fiesta,Russia,1,0.74,Music,60.2769,104.517,Winter
Grand Music Fair,Netherlands,1,0.84,Music,53.8437,3.4893,Winter
Annual Traditional Festival,UK,12,0.85,Traditional,55.9326,-6.1573,Winter
International Cultural Gathering,Australia,6,0.88,Cultural,-27.2513,131.1654,Summer
International Seasonal Event,UK,6,0.98,Seasonal,58.1719,-1.5856,Summer
Mega Religious Event,Morocco,12,0.79,Religious,29.3777,-5.9872,Winter
Famous Art Fiesta,Canada,6,0.83,Art,53.8626,-106.3757,Summer
Mega Religious Fiesta,Australia,4,0.71,Religious,-22.8185,132.3278,Spring
Annual Art Fair,China,3,0.9,Art,34.732,104.3158,Spring
World Cultural Festival,Mexico,3,0.86,Cultural,21.7436,-99.7353,Spring
Grand Seasonal Gathering,Mexico,1,0.93,Seasonal,26.2715,-100.1838,Winter
Mega Seasonal Parade,Spain,5,0.88,Seasonal,42.9949,-6.2182,Spring
Grand Religious Parade,Spain,9,0.76,Religious,37.7351,-4.7972,Autumn
International Art Gathering,UK,5,0.82,Art,54.0062,-1.4636,Spring
Annual Food Fair,Italy,6,0.81,Food,40.5575,12.8236,Summer
Grand Seasonal Festival,USA,2,0.74,Seasonal,38.9034,-98.2656,Winter
National Traditional Event,Spain,3,1.0,Traditional,42.0972,-5.5569,Spring
Annual Religious Parade,Italy,10,0.7,Religious,43.7647,13.8085,Autumn
Annual Seasonal Gathering,Egypt,4,0.92,Seasonal,28.4482,28.2468,Spring
Mega Parade Fair,Canada,3,0.81,Parade,53.8256,-104.1682,Spring
Mega Seasonal Fair,Germany,11,0.89,Seasonal,50.1511,7.8329,Autumn
World Food Fiesta,UK,8,0.79,Food,54.3292,-2.0584,Summer
Mega Art Gathering,UK,6,0.89,Art,57.7014,-3.6027,Summer
Mega Cultural Fiesta,South Korea,3,0.74,Cultural,37.1873,129.3316,Spring
International Food Fiesta,Spain,1,0.87,Food,42.0895,-3.7864,Winter
Grand Music Festival,UK,12,0.86,Music,54.9433,-6.2835,Winter
International Seasonal Event,Canada,2,0.73,Seasonal,53.319,-105.5283,Winter
Colorful Parade Event,Morocco,10,0.79,Parade,31.8431,-4.6472,Autumn
Colorful Food Celebration,Turkey,7,0.77,Food,38.426,36.7766,Summer
Annual Cultural Parade,Italy,6,0.77,Cultural,39.3338,11.3059,Summer
International Parade Fiesta,Spain,6,0.75,Parade,43.0419,-1.9005,Summer
World Seasonal Fiesta,Mexico,7,0.89,Seasonal,25.8633,-100.7308,Summer
National Food Festival,USA,6,0.76,Food,39.4456,-95.4768,Summer
National Food Fiesta,Japan,2,0.94,Food,38.5813,137.1609,Winter
Annual Parade Parade,Germany,7,0.73,Parade,49.5333,10.0141,Summer
International Seasonal Event,Turkey,2,0.95,Seasonal,41.1281,32.285,Winter
Mega Seasonal Festival,UK,6,0.85,Seasonal,54.8826,-5.1034,Summer
Grand Religious Parade,USA,6,0.74,Religious,36.1159,-93.0554,Summer
Annual Religious Celebration,Turkey,11,0.8,Religious,39.0764,36.4614,Autumn
International Cultural Gathering,Canada,6,0.81,Cultural,58.9611,-103.5721,Summer
Colorful Cultural Gathering,Thailand,1,0.78,Cultural,15.8535,99.7978,Winter
Mega Art Event,UK,12,0.79,Art,52.5994,-2.7786,Winter
Famous Music Carnival,Mexico,6,0.85,Music,20.9434,-103.8809,Summer
Annual Food Parade,China,6,0.97,Food,34.2991,102.0648,Summer
World Traditional Parade,Russia,4,0.85,Traditional,64.4379,103.7711,Spring
Grand Seasonal Parade,Spain,6,0.9,Seasonal,42.0334,-5.3234,Summer
Mega Seasonal Gathering,Brazil,6,0.92,Seasonal,-15.0283,-51.1315,Summer
Famous Music Event,Australia,7,0.89,Music,-25.0598,131.3168,Summer
National Art Festival,Germany,5,0.95,Art,50.0904,8.5706,Spring
Grand Music Festival,Brazil,6,0.71,Music,-13.6896,-50.8599,Summer
National Art Fiesta,France,11,0.7,Art,46.3002,0.5727,Autumn
Famous Cultural Celebration,Russia,2,0.89,Cultural,59.5702,106.4644,Winter
International Parade Fiesta,Germany,10,0.82,Parade,53.7861,8.2766,Autumn
Famous Food Celebration,USA,7,0.8,Food,34.771,-93.1647,Summer
Famous Seasonal Event,Netherlands,7,0.96,Seasonal,50.6802,6.2512,Summer
National Seasonal Festival,Japan,3,0.95,Seasonal,36.536,138.4308,Spring
World Religious Fiesta,Russia,11,0.77,Religious,59.0826,107.7021,Autumn
Famous Parade Parade,Spain,10,0.97,Parade,41.2623,-4.715,Autumn
Annual Seasonal Event,South Korea,5,0.8,Seasonal,37.2635,130.1496,Spring
Grand Traditional Parade,Egypt,3,0.97,Traditional,28.4999,31.6547,Spring
Mega Music Festival,Thailand,6,0.73,Music,13.8398,103.3838,Summer
Annual Seasonal Carnival,Canada,2,0.88,Seasonal,53.1856,-108.738,Winter
Famous Traditional Parade,Japan,7,0.9,Traditional,33.2352,136.2177,Summer
Mega Cultural Gathering,Italy,12,0.86,Cultural,43.0233,13.4792,Winter
Famous Parade Carnival,China,4,0.77,Parade,37.1348,102.6189,Spring
Famous Religious Gathering,Italy,11,0.8,Religious,43.3508,13.4652,Autumn
Famous Art Fair,Russia,3,0.95,Art,62.4697,105.7287,Spring
Annual Seasonal Fair,China,10,0.73,Seasonal,35.068,102.7866,Autumn
Colorful Parade Celebration,Netherlands,4,0.77,Parade,54.9707,4.6499,Spring
Colorful Art Celebration,Russia,2,0.97,Art,62.3108,107.0877,Winter
National Art Parade,Morocco,11,0.85,Art,32.2531,-7.1375,Autumn
Colorful Music Event,Brazil,2,0.76,Music,-12.9003,-53.2407,Winter
Mega Cultural Fiesta,Thailand,5,0.71,Cultural,16.7428,99.0552,Spring
Grand Religious Event,Japan,2,0.98,Religious,38.9284,140.7421,Winter
Mega Seasonal Festival,Russia,9,0.81,Seasonal,58.6167,107.8887,Autumn
Grand Religious Event,Turkey,5,0.83,Religious,41.7636,38.025,Spring
Mega Religious Parade,India,7,0.96,Religious,19.3604,78.2735,Summer
Famous Cultural Parade,Brazil,8,0.96,Cultural,-15.3335,-53.9083,Summer
National Seasonal Carnival,Brazil,12,0.87,Seasonal,-11.6181,-50.7491,Winter
National Music Festival,Turkey,10,0.87,Music,36.5468,35.9333,Autumn
World Cultural Parade,South Korea,6,1.0,Cultural,33.7483,127.8769,Summer
Grand Parade Fair,Russia,7,0.96,Parade,62.9686,106.5009,Summer
National Food Event,USA,1,0.91,Food,36.2471,-96.9513,Winter
World Music Festival,Japan,9,0.94,Music,38.0655,140.4553,Autumn
Mega Food Parade,France,3,0.97,Food,46.2957,2.2228,Spring
Grand Music Celebration,USA,6,0.94,Music,37.99,-94.5011,Summer
National Music Fair,Morocco,12,0.94,Music,34.1317,-8.0646,Winter
International Seasonal Parade,Morocco,5,0.81,Seasonal,29.3556,-6.6229,Spring
International Parade Event,Netherlands,4,0.71,Parade,51.9262,5.5472,Spring
World Seasonal Celebration,France,12,0.79,Seasonal,46.7726,-0.6033,Winter
International Religious Gathering,Thailand,8,0.71,Religious,17.8056,100.1536,Summer
Grand Food Fiesta,Morocco,7,0.74,Food,31.9252,-5.4726,Summer
Famous Food Parade,Brazil,7,0.76,Food,-13.4977,-54.4132,Summer
World Art Festival,Australia,2,0.72,Art,-25.0863,134.0189,Winter
Grand Art Fiesta,South Korea,10,0.89,Art,37.2643,130.622,Autumn
Annual Music Carnival,Morocco,11,0.85,Music,30.7294,-5.3215,Autumn
Famous Cultural Celebration,Australia,4,0.78,Cultural,-25.6406,131.2458,Spring
Famous Cultural Festival,Egypt,3,0.71,Cultural,29.5965,32.8184,Spring
Annual Art Gathering,Turkey,9,0.91,Art,38.4174,33.2831,Autumn
Grand Music Fair,Russia,1,0.75,Music,60.0255,105.6142,Winter
Mega Food Event,South Korea,6,0.91,Food,36.869,126.4465,Summer
National Food Festival,Australia,2,0.99,Food,-23.847,134.1012,Winter
Grand Art Celebration,France,5,0.88,Art,45.7452,0.7001,Spring
World Food Fiesta,Russia,12,0.81,Food,63.0711,102.4052,Winter
Famous Art Carnival,Mexico,3,0.73,Art,20.9105,-105.3084,Spring
World Music Gathering,UK,10,0.96,Music,56.6,-3.591,Autumn
Grand Food Fiesta,Italy,11,0.73,Food,41.8216,12.4082,Autumn
Colorful Religious Parade,Thailand,2,0.75,Religious,15.4731,100.3835,Winter
Colorful Traditional Fair,Brazil,1,0.88,Traditional,-13.4244,-54.6535,Winter
National Cultural Parade,Brazil,4,0.81,Cultural,-13.4798,-51.9065,Spring
Colorful Food Fair,China,4,0.96,Food,36.8139,102.173,Spring
Grand Music Gathering,Mexico,10,0.72,Music,24.489,-105.3937,Autumn
National Cultural Gathering,India,11,0.88,Cultural,23.2351,79.4157,Autumn
Famous Music Festival,Egypt,1,0.82,Music,27.6803,30.552,Winter
National Traditional Fiesta,Thailand,1,0.86,Traditional,18.5188,100.3091,Winter
World Cultural Fair,China,3,0.99,Cultural,38.2938,102.3701,Spring
International Traditional Carnival,Germany,10,0.72,Traditional,48.7704,7.5608,Autumn
Colorful Food Fair,Germany,10,0.73,Food,52.2637,7.8786,Autumn
Colorful Religious Fair,Italy,4,0.8,Religious,43.9412,9.707,Spring
Mega Food Gathering,Turkey,5,0.94,Food,37.6548,32.9523,Spring
Famous Traditional Fiesta,Thailand,8,0.91,Traditional,16.6437,103.2573,Summer
Mega Cultural Celebration,Russia,1,0.92,Cultural,63.3449,104.011,Winter
International Art Parade,Spain,5,0.75,Art,41.9674,-1.9082,Spring
National Parade Festival,Canada,2,1.0,Parade,55.6061,-107.1147,Winter
National Food Fair,Turkey,3,0.93,Food,38.0085,37.8278,Spring
Annual Food Festival,Japan,2,0.96,Food,35.7788,139.7581,Winter
World Parade Gathering,Italy,10,0.93,Parade,39.4906,14.9827,Autumn
International Cultural Event,Japan,5,0.85,Cultural,38.1635,137.1732,Spring
International Cultural Fair,Spain,11,0.97,Cultural,39.7989,-6.6842,Autumn
Annual Music Event,UK,8,0.97,Music,52.9258,-4.5201,Summer
World Seasonal Gathering,Morocco,9,0.99,Seasonal,34.4953,-6.652,Autumn
Annual Food Celebration,India,9,0.89,Food,20.2844,77.7222,Autumn
Mega Parade Carnival,France,5,0.8,Parade,47.2627,3.7279,Spring
National Music Festival,Russia,8,0.94,Music,63.2617,102.866,Summer
National Parade Festival,Canada,2,0.85,Parade,53.4758,-106.0496,Winter
Mega Cultural Gathering,Germany,2,0.83,Cultural,53.4919,9.557,Winter
Famous Art Fiesta,France,11,0.74,Art,44.0856,3.7828,Autumn
National Parade Festival,Canada,6,0.89,Parade,53.7371,-108.8422,Summer
Grand Religious Event,Canada,3,0.91,Religious,53.567,-104.4156,Spring
Famous Seasonal Gathering,Turkey,3,0.91,Seasonal,36.4518,32.7523,Spring
International Food Festival,Japan,9,1.0,Food,35.4504,137.4768,Autumn
Mega Cultural Carnival,Italy,12,0.94,Cultural,44.5554,15.4834,Winter
World Religious Gathering,Netherlands,2,0.93,Religious,51.3902,2.7923,Winter
Grand Cultural Fiesta,Morocco,8,0.93,Cultural,32.1421,-7.5473,Summer
National Traditional Fiesta,Netherlands,2,0.97,Traditional,49.7998,5.2471,Winter
National Food Festival,China,6,0.7,Food,35.6737,101.5332,Summer
National Music Gathering,Russia,7,0.74,Music,59.2292,106.2141,Summer
Colorful Religious Fair,Japan,9,0.92,Religious,36.705,141.0259,Autumn
National Parade Parade,Netherlands,9,0.81,Parade,50.8469,7.5029,Autumn
Colorful Food Event,Russia,9,0.77,Food,64.3033,102.3917,Autumn
Annual Music Event,Canada,11,0.99,Music,53.3894,-103.9999,Autumn
Famous Traditional Gathering,USA,3,0.86,Traditional,40.048,-98.2701,Spring
Famous Art Parade,Brazil,11,0.87,Art,-11.4192,-51.7867,Autumn
World Seasonal Event,China,3,0.89,Seasonal,37.0362,103.9226,Spring
Famous Parade Parade,Morocco,10,0.89,Parade,32.2976,-4.6857,Autumn
International Music Fiesta,China,3,0.71,Music,34.5475,106.8979,Spring
Famous Art Festival,India,2,0.97,Art,20.3276,79.6837,Winter
Famous Seasonal Fair,Egypt,10,0.78,Seasonal,24.9493,30.5847,Autumn
Annual Music Gathering,South Korea,6,0.81,Music,36.4097,125.2333,Summer
Colorful Art Festival,Mexico,12,0.99,Art,26.5518,-101.3638,Winter
Mega Parade Celebration,Egypt,9,0.86,Parade,25.6778,32.6853,Autumn
Grand Cultural Fair,Turkey,6,0.91,Cultural,36.9394,37.7089,Summer
Mega Parade Gathering,Mexico,6,0.95,Parade,26.3333,-101.1985,Summer
International Parade Parade,Australia,1,0.88,Parade,-25.7649,136.3715,Winter
National Food Carnival,India,2,0.96,Food,17.865,76.1211,Winter
International Art Fiesta,Spain,3,0.81,Art,42.327,-0.8255,Spring
World Music Celebration,France,7,0.75,Music,46.7924,1.499,Summer
Annual Art Fiesta,China,1,0.99,Art,37.9144,106.2254,Winter
Grand Parade Celebration,Spain,12,0.84,Parade,39.9526,-5.1088,Winter
World Music Carnival,Spain,9,0.72,Music,42.652,-1.8718,Autumn
National Art Parade,India,4,1.0,Art,23.5735,79.2955,Spring
Mega Art Fiesta,South Korea,2,0.93,Art,38.5764,129.8648,Winter
World Cultural Fair,UK,3,0.77,Cultural,55.0814,-5.661,Spring
International Religious Celebration,USA,1,0.99,Religious,37.7272,-97.341,Winter
International Religious Parade,South Korea,3,0.9,Religious,36.6166,126.9159,Spring
National Cultural Fiesta,Spain,11,0.73,Cultural,41.4931,-3.6274,Autumn
Mega Religious Event,USA,9,0.93,Religious,37.2112,-93.5998,Autumn
Famous Food Parade,Thailand,1,0.87,Food,16.2356,103.2524,Winter
Grand Music Gathering,Spain,7,0.82,Music,38.2678,-6.5765,Summer
Annual Art Fair,Netherlands,2,0.93,Art,52.8545,6.5158,Winter
Colorful Food Fair,Mexico,4,0.76,Food,21.4527,-105.4655,Spring
Annual Religious Fair,Japan,11,0.81,Religious,36.7443,137.6064,Autumn
National Music Fair,Morocco,2,0.83,Music,34.2167,-8.0031,Winter
National Religious Event,Mexico,5,0.85,Religious,25.3364,-103.1735,Spring
Annual Music Fair,Spain,7,0.89,Music,42.6379,-1.0521,Summer
Colorful Cultural Parade,Japan,8,0.74,Cultural,38.7643,138.2056,Summer
Mega Music Parade,UK,12,0.78,Music,55.1329,-0.5558,Winter
Mega Cultural Festival,Italy,4,0.85,Cultural,40.8444,13.3678,Spring
World Food Celebration,Netherlands,3,0.77,Food,49.5878,3.0646,Spring
World Traditional Fair,Germany,10,0.74,Traditional,49.0771,8.2845,Autumn
National Art Festival,Germany,6,0.89,Art,49.257,9.5255,Summer
Colorful Music Festival,Mexico,7,0.97,Music,23.4783,-101.5475,Summer
World Art Gathering,Russia,7,0.75,Art,59.6777,102.564,Summer
Colorful Seasonal Event,South Korea,3,0.75,Seasonal,34.5793,125.829,Spring
Mega Traditional Carnival,India,7,0.73,Traditional,18.3175,78.7276,Summer
Colorful Cultural Gathering,Russia,7,0.76,Cultural,60.7096,105.3393,Summer
Famous Art Festival,Morocco,5,0.91,Art,29.0276,-5.2961,Spring
National Traditional Parade,Japan,4,0.89,Traditional,33.6954,140.4944,Spring
Colorful Cultural Celebration,Japan,9,0.98,Cultural,33.5713,136.9142,Autumn
World Cultural Gathering,China,12,0.94,Cultural,37.3513,102.3025,Winter
National Food Festival,Netherlands,8,0.76,Food,51.3554,5.1984,Summer
World Parade Fair,South Korea,6,0.89,Parade,35.1213,127.5421,Summer
Grand Music Fair,Turkey,3,0.92,Music,36.1838,33.7579,Spring
Annual Religious Celebration,France,9,0.91,Religious,48.5988,2.2838,Autumn
Annual Parade Fiesta,Germany,4,0.86,Parade,48.8087,10.136,Spring
Famous Art Fiesta,Russia,6,0.86,Art,59.9788,103.9343,Summer
Mega Parade Event,Mexico,1,0.81,Parade,20.7549,-103.6203,Winter
Annual Religious Fiesta,Australia,11,0.76,Religious,-26.3094,131.4937,Autumn
International Religious Event,France,8,0.97,Religious,46.7892,3.2883,Summer
Mega Parade Fair,Italy,10,0.94,Parade,41.8626,10.0889,Autumn
National Religious Celebration,Germany,1,0.86,Religious,51.6867,11.9241,Winter
Annual Parade Parade,USA,1,0.83,Parade,34.8557,-97.0102,Winter
Mega Music Fair,Germany,1,0.81,Music,52.0412,10.8762,Winter
Mega Art Parade,China,7,0.81,Art,38.7808,104.83,Summer
Mega Religious Gathering,UK,12,0.77,Religious,52.9888,-5.5188,Winter
Mega Food Gathering,Canada,10,0.77,Food,54.0945,-108.2274,Autumn
National Cultural Gathering,Italy,9,0.79,Cultural,39.9121,14.948,Autumn
World Seasonal Fair,UK,8,0.72,Seasonal,55.5252,-3.9736,Summer
World Seasonal Fair,Italy,1,0.99,Seasonal,39.5441,11.9545,Winter
Famous Seasonal Carnival,Spain,10,0.99,Seasonal,42.6567,-1.8468,Autumn
Grand Seasonal Parade,Italy,10,0.78,Seasonal,39.8972,13.5793,Autumn
World Religious Event,Japan,9,0.98,Religious,36.5454,138.6826,Autumn
World Traditional Celebration,Germany,10,0.78,Traditional,52.7827,8.5738,Autumn
Grand Food Gathering,Japan,5,0.8,Food,35.7574,138.2986,Spring
National Art Fiesta,Thailand,9,0.77,Art,13.559,101.6562,Autumn
International Cultural Fair,Mexico,12,0.79,Cultural,24.1219,-104.6266,Winter
Grand Seasonal Parade,Mexico,7,0.84,Seasonal,23.83,-105.2419,Summer
Famous Cultural Celebration,Australia,6,0.8,Cultural,-27.4679,131.1553,Summer
National Music Celebration,Canada,12,1.0,Music,55.0645,-104.4876,Winter
International Seasonal Celebration,Egypt,5,0.78,Seasonal,27.9096,32.3639,Spring
Grand Art Celebration,China,10,0.88,Art,35.6912,103.6664,Autumn
Grand Traditional Festival,Thailand,7,0.8,Traditional,18.4472,102.9762,Summer
Famous Cultural Celebration,Germany,9,0.99,Cultural,48.9115,11.8367,Autumn
International Art Festival,Morocco,3,0.98,Art,29.8791,-9.6936,Spring
Annual Parade Event,UK,8,0.92,Parade,55.8249,-1.385,Summer
Grand Religious Fair,Australia,2,0.74,Religious,-23.5028,131.9849,Winter
International Parade Fair,Russia,4,0.75,Parade,59.5096,107.2062,Spring
Annual Religious Carnival,Japan,1,0.9,Religious,36.3432,137.4059,Winter
National Religious Fiesta,USA,2,0.96,Religious,36.4449,-93.8133,Winter
World Cultural Fair,South Korea,6,0.83,Cultural,35.1695,127.543,Summer
International Food Carnival,South Korea,10,0.79,Food,37.3935,127.7832,Autumn
Famous Religious Festival,Morocco,2,0.77,Religious,34.1891,-7.7893,Winter
Colorful Religious Parade,Morocco,3,0.86,Religious,34.2305,-6.3472,Spring
Mega Religious Celebration,Canada,1,0.74,Religious,58.7694,-105.5806,Winter
National Music Festival,Australia,10,0.8,Music,-27.4388,135.5393,Autumn
National Seasonal Event,Netherlands,9,0.89,Seasonal,52.3334,7.6547,Autumn
World Food Fiesta,Brazil,8,0.94,Food,-16.325,-53.055,Summer
International Religious Parade,Morocco,4,0.77,Religious,33.2554,-9.8914,Spring
National Food Festival,USA,3,0.87,Food,38.665,-93.4523,Spring
Annual Parade Fair,France,1,0.8,Parade,48.1551,-0.1225,Winter
International Traditional Event,Morocco,8,0.95,Traditional,29.5566,-7.7089,Summer
Annual Art Celebration,Mexico,7,0.94,Art,21.534,-104.1773,Summer
World Art Festival,Mexico,1,0.92,Art,24.9547,-101.7059,Winter
International Cultural Parade,UK,8,0.91,Cultural,55.6344,-4.9252,Summer
Grand Cultural Festival,Turkey,9,0.8,Cultural,37.0533,37.694,Autumn
Colorful Cultural Parade,UK,2,0.88,Cultural,54.7832,-3.664,Winter
Famous Music Carnival,Thailand,2,0.98,Music,13.7901,101.5099,Winter
Annual Food Carnival,South Korea,6,0.85,Food,36.5765,124.8756,Summer
World Parade Celebration,Japan,5,0.96,Parade,38.7975,138.6437,Spring
Annual Religious Fair,Mexico,10,0.91,Religious,26.1695,-101.3094,Autumn
Annual Traditional Festival,Egypt,12,0.75,Traditional,27.2783,31.4428,Winter
Annual Parade Gathering,Thailand,8,0.83,Parade,17.2887,103.5987,Summer
World Cultural Celebration,USA,8,0.98,Cultural,36.7952,-98.0335,Summer
International Traditional Carnival,China,8,1.0,Traditional,37.8951,101.9434,Summer
Mega Traditional Parade,Australia,1,0.98,Traditional,-23.055,133.8881,Winter
World Parade Gathering,South Korea,12,0.88,Parade,35.3018,125.0955,Winter
Annual Seasonal Carnival,Netherlands,3,0.8,Seasonal,53.9497,2.3191,Spring
Colorful Religious Gathering,Australia,7,0.8,Religious,-25.8854,133.9995,Summer
National Parade Event,Turkey,4,0.98,Parade,38.0418,34.325,Spring
Grand Parade Gathering,Brazil,2,0.92,Parade,-14.5217,-53.5777,Winter
International Seasonal Fiesta,France,8,0.84,Seasonal,44.0727,0.272,Summer
Famous Art Carnival,Spain,6,0.85,Art,39.9773,-1.2601,Summer
National Parade Fiesta,Japan,6,0.81,Parade,36.6883,139.0465,Summer
International Cultural Fair,India,10,0.7,Cultural,21.5749,77.0311,Autumn
National Art Fiesta,Germany,6,0.99,Art,49.0577,9.9392,Summer
Colorful Art Parade,Brazil,3,0.73,Art,-11.2538,-51.9121,Spring
Annual Religious Fair,Germany,12,0.88,Religious,48.5682,11.9513,Winter
Grand Religious Parade,Canada,12,0.76,Religious,58.5187,-108.116,Winter
National Religious Fiesta,Brazil,7,0.76,Religious,-17.0157,-52.0929,Summer
Grand Food Parade,Egypt,12,0.87,Food,24.2149,32.4557,Winter
International Traditional Parade,Netherlands,8,0.84,Traditional,52.2789,4.9359,Summer
Colorful Music Parade,South Korea,7,0.82,Music,36.2656,125.6983,Summer
Annual Music Event,Canada,8,0.75,Music,58.3011,-103.6701,Summer
National Traditional Fair,Mexico,1,0.81,Traditional,22.259,-101.6888,Winter
Colorful Cultural Fair,Spain,9,0.82,Cultural,37.616,-5.8123,Autumn
National Traditional Event,Netherlands,11,0.91,Traditional,53.0861,2.4539,Autumn
Annual Religious Fiesta,USA,9,0.77,Religious,35.4766,-94.6815,Autumn
Colorful Traditional Parade,Canada,8,0.71,Traditional,53.7551,-104.5473,Summer
Mega Religious Gathering,China,2,0.75,Religious,36.7782,102.6245,Winter
National Cultural Fair,Spain,10,0.73,Cultural,38.9227,-2.4156,Autumn
Mega Seasonal Gathering,India,3,0.96,Seasonal,22.575,78.346,Spring
World Art Fair,France,3,0.9,Art,44.4575,0.9726,Spring
Colorful Seasonal Festival,India,12,0.97,Seasonal,17.6717,76.476,Winter
Mega Religious Parade,UK,10,0.76,Religious,52.5373,-5.3474,Autumn
National Cultural Celebration,China,11,0.87,Cultural,35.3902,106.5514,Autumn
Mega Parade Festival,South Korea,7,0.95,Parade,34.9587,126.3234,Summer
Annual Parade Gathering,Mexico,1,0.81,Parade,24.1763,-103.9444,Winter
National Parade Fair,France,10,0.89,Parade,45.6841,2.526,Autumn
World Cultural Parade,Thailand,12,0.83,Cultural,14.6368,103.6832,Winter
Grand Music Fiesta,Russia,6,0.93,Music,59.3647,107.5296,Summer
Annual Cultural Fiesta,Mexico,7,0.85,Cultural,26.0018,-100.7537,Summer
Grand Seasonal Fiesta,Netherlands,12,0.83,Seasonal,49.2674,3.9034,Winter
Mega Traditional Fiesta,Morocco,7,0.86,Traditional,32.5926,-8.5453,Summer
World Seasonal Festival,Italy,3,0.74,Seasonal,43.8815,15.4738,Spring
Grand Religious Event,India,8,0.86,Religious,18.6238,77.5967,Summer
National Religious Celebration,UK,6,0.71,Religious,57.8639,-5.7295,Summer
World Food Parade,UK,11,0.87,Food,54.0224,-3.1109,Autumn
Colorful Food Fair,Thailand,1,0.9,Food,17.8485,99.231,Winter
International Religious Fair,Spain,8,0.7,Religious,38.285,-1.3491,Summer
Annual Art Parade,USA,3,0.96,Art,37.6747,-95.1098,Spring
Famous Parade Fiesta,Japan,2,0.9,Parade,34.257,140.7394,Winter
Famous Traditional Fiesta,Italy,4,0.83,Traditional,41.1707,12.6809,Spring
Colorful Art Celebration,UK,1,0.71,Art,53.3758,-2.0078,Winter
Famous Parade Celebration,Mexico,9,0.72,Parade,24.2534,-104.0807,Autumn
National Traditional Carnival,Turkey,9,0.82,Traditional,37.6959,34.3773,Autumn
World Music Event,Russia,2,0.92,Music,60.3067,105.7172,Winter
International Art Carnival,Egypt,6,0.84,Art,27.8026,33.4235,Summer
Famous Art Fiesta,France,4,0.92,Art,44.5172,-0.5992,Spring
World Seasonal Fiesta,Australia,9,0.78,Seasonal,-24.7039,131.0837,Autumn
Famous Food Fiesta,Canada,6,0.85,Food,56.7115,-107.3413,Summer
International Art Fair,Australia,9,0.93,Art,-27.6348,131.2259,Autumn
World Art Parade,Brazil,5,0.92,Art,-14.2621,-50.7949,Spring
Grand Food Parade,Egypt,3,0.83,Food,25.299,32.7171,Spring
National Religious Fiesta,France,12,0.94,Religious,47.3958,0.8466,Winter
Famous Traditional Carnival,Germany,9,0.88,Traditional,50.3315,8.001,Autumn
Famous Music Fair,Brazil,10,0.98,Music,-16.4141,-49.2239,Autumn
Grand Art Parade,Morocco,11,0.83,Art,29.9025,-6.8412,Autumn
International Music Fair,Egypt,5,0.96,Music,28.2139,32.6419,Spring
Famous Cultural Fair,Egypt,12,0.9,Cultural,27.9743,32.8977,Winter
Mega Seasonal Fiesta,China,5,0.77,Seasonal,35.7982,102.5227,Spring
National Cultural Gathering,Turkey,6,1.0,Cultural,41.6281,32.4799,Summer
World Parade Festival,Japan,1,0.91,Parade,38.7563,136.3364,Winter
National Religious Event,Netherlands,12,0.87,Religious,54.6255,2.495,Winter
Colorful Cultural Carnival,Morocco,2,0.91,Cultural,30.5758,-4.5462,Winter
World Cultural Parade,Mexico,11,0.99,Cultural,26.3001,-102.7075,Autumn
International Food Event,France,6,0.96,Food,48.2949,1.1283,Summer
Famous Parade Carnival,Turkey,12,0.95,Parade,36.1857,35.8209,Winter
Grand Music Fiesta,South Korea,6,0.77,Music,33.6312,125.2286,Summer
Mega Traditional Festival,Canada,6,0.91,Traditional,55.1696,-104.9982,Summer
Colorful Music Celebration,Spain,10,0.72,Music,39.3554,-3.5123,Autumn
Colorful Religious Fiesta,Italy,2,0.94,Religious,40.7844,13.3227,Winter
Colorful Food Celebration,China,4,0.97,Food,36.5569,102.5932,Spring
International Art Fiesta,Russia,10,0.71,Art,63.7446,102.4464,Autumn
National Traditional Festival,Turkey,11,0.96,Traditional,39.1373,37.8777,Autumn
Grand Art Fair,Brazil,2,0.94,Art,-11.2474,-52.821,Winter
Grand Cultural Carnival,Germany,2,0.93,Cultural,50.5773,10.3308,Winter
Famous Religious Event,Russia,1,0.89,Religious,63.7661,108.2233,Winter
Annual Parade Celebration,Canada,12,0.93,Parade,55.637,-106.8187,Winter
Colorful Traditional Gathering,UK,11,0.92,Traditional,53.8108,-5.7732,Autumn
World Cultural Parade,Australia,10,0.81,Cultural,-26.551,132.5529,Autumn
Annual Parade Celebration,USA,1,0.77,Parade,34.3428,-98.6057,Winter
International Food Gathering,Brazil,6,1.0,Food,-14.6684,-52.6193,Summer
International Music Parade,Germany,7,0.9,Music,49.4752,13.1513,Summer
Colorful Cultural Carnival,Spain,5,0.94,Cultural,38.0002,-4.2437,Spring
Grand Traditional Parade,France,11,0.96,Traditional,48.896,2.0181,Autumn
Mega Seasonal Event,Brazil,4,0.88,Seasonal,-16.2328,-48.9783,Spring
National Traditional Event,France,1,0.77,Traditional,48.884,3.1116,Winter
National Parade Parade,USA,9,0.88,Parade,37.1663,-97.3289,Autumn
National Seasonal Event,Turkey,11,0.75,Seasonal,37.2866,33.3619,Autumn
Grand Religious Gathering,Turkey,6,0.93,Religious,38.0645,32.5904,Summer
Famous Food Gathering,South Korea,10,0.99,Food,38.2105,130.3334,Autumn
Grand Seasonal Gathering,UK,2,1.0,Seasonal,53.4215,-4.0585,Winter
Annual Art Gathering,USA,10,0.93,Art,38.2663,-97.7895,Autumn
Mega Food Event,Russia,6,0.94,Food,59.8706,103.6617,Summer
National Parade Carnival,Canada,10,0.86,Parade,56.688,-105.8663,Autumn
Colorful Art Parade,India,11,0.73,Art,22.8585,77.5565,Autumn
Colorful Art Fair,Spain,1,0.74,Art,42.7962,-1.0153,Winter
Grand Seasonal Fiesta,Thailand,12,0.96,Seasonal,17.7271,101.924,Winter
Annual Cultural Carnival,France,5,0.87,Cultural,43.7495,1.6644,Spring
Mega Food Carnival,Turkey,3,0.81,Food,37.5222,36.5838,Spring
Colorful Traditional Parade,China,3,0.85,Traditional,33.348,102.5165,Spring
Mega Seasonal Celebration,Morocco,3,0.9,Seasonal,29.2485,-4.9854,Spring
Grand Religious Celebration,Canada,10,0.85,Religious,56.0139,-105.7924,Autumn
World Parade Fair,South Korea,2,0.95,Parade,34.9947,128.835,Winter
International Traditional Celebration,Brazil,3,0.87,Traditional,-15.6328,-49.6535,Spring
Famous Parade Event,Morocco,9,0.94,Parade,32.7424,-4.9891,Autumn
World Cultural Carnival,Turkey,3,0.96,Cultural,40.2139,37.2654,Spring
Famous Music Parade,Japan,7,0.91,Music,37.2856,138.9646,Summer
Annual Parade Fair,USA,5,0.93,Parade,35.0418,-93.4277,Spring
World Music Festival,India,1,0.96,Music,17.7692,80.9178,Winter
World Seasonal Carnival,China,7,0.74,Seasonal,34.8724,105.6564,Summer
International Art Fair,Italy,9,0.75,Art,43.7797,14.5602,Autumn
Mega Seasonal Celebration,Netherlands,6,0.85,Seasonal,49.1709,4.0135,Summer
Famous Traditional Gathering,Australia,7,0.89,Traditional,-22.3873,134.566,Summer
Colorful Food Event,Russia,3,0.78,Food,62.328,105.5587,Spring
National Art Event,Spain,7,0.93,Art,38.1056,-2.183,Summer
International Cultural Fair,Thailand,1,0.86,Cultural,18.648,100.0437,Winter
Colorful Music Fair,Morocco,5,0.89,Music,34.3839,-9.4775,Spring
Colorful Food Celebration,Brazil,8,0.98,Food,-13.1077,-54.5183,Summer
International Religious Parade,China,1,0.79,Religious,37.1107,101.5995,Winter
Mega Seasonal Fiesta,Russia,6,0.87,Seasonal,60.5993,106.0443,Summer
Annual Parade Event,Spain,1,0.71,Parade,42.6929,-0.9083,Winter
Famous Religious Event,India,7,0.99,Religious,22.0916,76.7434,Summer
National Art Festival,Brazil,9,0.93,Art,-17.0875,-54.7926,Autumn
World Art Fiesta,Mexico,12,0.8,Art,23.5664,-100.9304,Winter
World Parade Event,France,4,0.9,Parade,45.903,0.8555,Spring
World Music Fiesta,Egypt,8,1.0,Music,26.3777,30.5108,Summer
Mega Music Celebration,Italy,1,0.75,Music,43.6408,13.7295,Winter
World Parade Fair,Australia,6,0.77,Parade,-27.7801,134.8581,Summer
Annual Parade Festival,Brazil,5,0.9,Parade,-15.5954,-49.2201,Spring
Mega Seasonal Celebration,India,10,0.75,Seasonal,20.1877,81.6246,Autumn
Colorful Traditional Carnival,Germany,12,0.83,Traditional,51.9969,9.8371,Winter
Mega Music Gathering,China,1,0.78,Music,38.7656,103.6514,Winter
Mega Cultural Event,Morocco,3,0.97,Cultural,30.1714,-8.814,Spring
International Religious Gathering,Brazil,7,0.71,Religious,-13.325,-52.7141,Summer
International Religious Gathering,South Korea,8,0.96,Religious,35.7471,130.5761,Summer
Famous Music Fair,Thailand,1,0.76,Music,18.0817,102.6521,Winter
International Religious Celebration,France,1,0.93,Religious,48.2963,3.7798,Winter
Mega Seasonal Festival,Italy,12,0.89,Seasonal,39.6594,9.7626,Winter
International Food Parade,Thailand,2,0.98,Food,16.5699,102.7717,Winter
Colorful Music Festival,Morocco,1,0.84,Music,29.4955,-9.3415,Winter
Annual Seasonal Festival,Canada,9,0.91,Seasonal,55.7122,-108.1437,Autumn
International Seasonal Festival,Thailand,4,0.85,Seasonal,13.2553,101.4843,Spring
Famous Traditional Parade,Germany,10,0.78,Traditional,52.9511,9.3137,Autumn
Mega Cultural Celebration,Brazil,10,0.84,Cultural,-17.1653,-54.4906,Autumn
Grand Parade Event,Australia,6,0.82,Parade,-25.3948,134.3752,Summer
Grand Seasonal Celebration,Mexico,9,0.79,Seasonal,24.8044,-100.3921,Autumn
Colorful Seasonal Celebration,Brazil,12,0.93,Seasonal,-16.9973,-52.0423,Winter
Mega Parade Parade,Mexico,4,0.73,Parade,22.0868,-99.6328,Spring
International Seasonal Gathering,South Korea,5,0.74,Seasonal,35.9011,128.4758,Spring
Grand Music Fiesta,India,9,0.91,Music,20.9516,76.0215,Autumn
Grand Parade Festival,Morocco,8,0.8,Parade,31.898,-9.5654,Summer
Famous Parade Parade,UK,4,0.81,Parade,52.5773,-5.9645,Spring
National Art Fiesta,Australia,10,0.82,Art,-27.4781,134.1803,Autumn
Colorful Parade Festival,Netherlands,4,0.91,Parade,53.9361,3.4922,Spring
Famous Music Fiesta,USA,2,0.75,Music,34.7176,-94.8943,Winter
World Seasonal Carnival,Russia,2,0.91,Seasonal,58.7135,107.9361,Winter
Annual Traditional Carnival,Germany,12,0.72,Traditional,51.4135,11.7059,Winter
Grand Religious Carnival,Canada,10,0.96,Religious,57.4149,-104.5364,Autumn
Famous Music Carnival,Morocco,2,0.8,Music,33.6807,-9.6119,Winter
Colorful Seasonal Celebration,Russia,8,0.97,Seasonal,61.8096,107.2226,Summer
Mega Cultural Fiesta,Australia,9,0.84,Cultural,-24.4129,133.9335,Autumn
National Religious Celebration,Egypt,3,0.92,Religious,24.3104,28.1646,Spring
Famous Religious Festival,Egypt,6,0.77,Religious,24.7779,33.0332,Summer
International Cultural Carnival,Australia,10,0.77,Cultural,-22.4192,132.7965,Autumn
International Cultural Fair,Brazil,10,0.75,Cultural,-12.4968,-50.9731,Autumn
Grand Traditional Event,Italy,6,0.85,Traditional,42.2041,13.8826,Summer
National Religious Carnival,France,5,0.77,Religious,49.2056,5.0625,Spring
Mega Food Celebration,Japan,3,0.9,Food,34.4021,139.3343,Spring
Annual Parade Festival,Canada,5,0.72,Parade,53.3143,-107.8007,Spring
Grand Seasonal Parade,Thailand,2,0.84,Seasonal,18.0796,102.3555,Winter
Famous Music Parade,Australia,5,0.92,Music,-25.7214,132.8507,Spring
Famous Cultural Fiesta,Thailand,9,0.81,Cultural,18.7959,98.2332,Autumn
World Music Carnival,Germany,11,0.96,Music,51.6378,10.0832,Autumn
Mega Music Celebration,South Korea,8,0.92,Music,35.8278,130.0074,Summer
World Food Fiesta,UK,4,0.97,Food,54.9084,-4.775,Spring
Famous Food Gathering,France,4,0.88,Food,48.7018,0.4777,Spring
World Food Fiesta,Morocco,11,0.89,Food,32.5811,-5.6939,Autumn
Mega Traditional Gathering,Morocco,9,0.74,Traditional,33.0866,-4.6384,Autumn
Famous Traditional Fair,Brazil,9,0.75,Traditional,-15.8097,-49.0969,Autumn
World Music Parade,Brazil,1,0.75,Music,-12.1087,-51.9716,Winter
Annual Art Parade,Thailand,2,0.77,Art,18.0945,100.6643,Winter
Famous Food Gathering,Canada,1,0.85,Food,55.2858,-105.7891,Winter
Grand Art Event,India,5,0.75,Art,19.9402,81.7794,Spring
World Traditional Celebration,Morocco,12,0.78,Traditional,32.7321,-8.1415,Winter
Colorful Cultural Festival,Morocco,3,0.93,Cultural,29.5769,-4.2737,Spring
Mega Cultural Festival,Netherlands,5,0.84,Cultural,50.5489,2.7323,Spring
National Art Fiesta,UK,9,0.75,Art,55.4967,-4.414,Autumn
World Food Festival,Brazil,10,0.95,Food,-14.6497,-53.433,Autumn
Famous Traditional Fair,USA,12,0.89,Traditional,38.3309,-97.7106,Winter
Colorful Traditional Carnival,Mexico,6,0.75,Traditional,20.8545,-101.1344,Summer
Mega Traditional Fair,Netherlands,10,0.9,Traditional,51.9804,7.3563,Autumn
Famous Food Celebration,Australia,12,0.94,Food,-24.7623,135.9847,Winter
National Art Fair,India,5,0.76,Art,18.2652,77.5814,Spring
International Religious Fair,Germany,11,0.72,Religious,51.3527,13.0711,Autumn
World Seasonal Fair,USA,3,0.71,Seasonal,34.8229,-95.9997,Spring
Mega Parade Celebration,South Korea,12,0.98,Parade,34.8047,127.8103,Winter
National Traditional Fair,Japan,3,0.71,Traditional,34.0949,141.1727,Spring
Famous Seasonal Celebration,Australia,1,0.99,Seasonal,-28.2448,136.486,Winter
National Food Celebration,UK,1,0.89,Food,57.5856,-3.7076,Winter
National Music Parade,Thailand,7,0.85,Music,15.8031,101.9937,Summer
Mega Art Fair,Canada,9,0.74,Art,53.3102,-107.4992,Autumn
Grand Parade Celebration,Italy,7,0.91,Parade,40.083,13.608,Summer
Mega Religious Event,Morocco,3,0.99,Religious,29.3551,-6.057,Spring
Famous Music Festival,India,3,0.83,Music,22.8026,77.0258,Spring
World Food Fair,South Korea,2,0.91,Food,37.9365,130.4346,Winter
Mega Art Event,Morocco,11,0.9,Art,31.7747,-6.3855,Autumn
Annual Parade Fiesta,Mexico,9,0.96,Parade,24.0582,-105.3705,Autumn
World Religious Carnival,Mexico,7,0.98,Religious,24.7717,-101.4937,Summer
Annual Food Parade,Japan,12,0.76,Food,37.1581,137.6161,Winter
International Religious Celebration,Morocco,11,0.9,Religious,29.4313,-6.1455,Autumn
Famous Art Fair,UK,7,1.0,Art,52.6674,-0.573,Summer
Grand Music Fair,Italy,3,0.82,Music,44.0964,14.2617,Spring
Annual Religious Festival,Russia,1,0.87,Religious,62.9547,107.5899,Winter
Colorful Parade Event,Mexico,12,0.82,Parade,22.5967,-101.5472,Winter
Mega Art Event,Thailand,10,0.94,Art,17.4437,102.7794,Autumn
Mega Cultural Fair,Brazil,7,0.83,Cultural,-12.328,-54.204,Summer
National Cultural Parade,Mexico,1,0.86,Cultural,20.6691,-103.6053,Winter
Famous Music Event,Netherlands,6,0.81,Music,51.5096,6.4641,Summer
World Food Fair,Egypt,7,0.82,Food,26.5128,29.2278,Summer
Famous Art Gathering,Morocco,5,0.81,Art,30.1553,-9.6534,Spring
Colorful Cultural Event,Brazil,5,0.88,Cultural,-13.2257,-51.2084,Spring
Colorful Seasonal Carnival,South Korea,1,0.84,Seasonal,35.1865,129.9469,Winter
